city,temp,feels_like,humidity,pressure,weather_main,weather_description,wind_speed,cloudiness,visibility,timestamp
Berlin,16.9,16.89,86,1017,Clouds,overcast clouds,6.17,98,10000,1788248552
Berlin,18.43,18.44,81,1017,Clouds,overcast clouds,6.17,99,10000,1788251883
Berlin,23.0,22.82,56,1016,Clouds,overcast clouds,7.72,100,10000,1788271253
Berlin,21.22,20.99,61,1017,Clouds,broken clouds,4.12,79,10000,1788286555
Berlin,16.82,16.7,82,1019,Clouds,broken clouds,3.6,70,10000,1788298302
Berlin,14.77,14.63,89,1019,Clouds,scattered clouds,2.57,47,10000,1788306159
Berlin,11.67,11.35,94,1019,Clear,clear sky,1.54,7,10000,1788321243
Berlin,19.22,18.95,67,1020,Clouds,overcast clouds,3.6,100,10000,1788338101
Berlin,22.03,21.67,53,1019,Clouds,overcast clouds,4.12,100,10000,1788355542
Berlin,19.01,18.9,74,1018,Clouds,overcast clouds,2.24,95,10000,1788371103
Berlin,15.96,16.04,93,1018,Clouds,overcast clouds,1.54,97,10000,1788382143
Berlin,13.74,13.52,90,1018,Clouds,overcast clouds,2.06,98,10000,1788390600
Berlin,14.08,13.82,87,1018,Clouds,overcast clouds,3.09,100,10000,1788407428
Berlin,18.79,18.63,73,1016,Clouds,overcast clouds,5.14,100,10000,1788424564
Berlin,22.71,22.58,59,1014,Rain,light rain,5.36,100,10000,1788442006
Berlin,19.18,19.32,83,1014,Clouds,overcast clouds,3.09,92,10000,1788457377
Berlin,18.78,18.83,81,1014,Rain,light rain,6.69,100,10000,1788467913
Berlin,17.12,17.19,88,1014,Clouds,overcast clouds,4.12,100,10000,1788476880
Berlin,17.78,17.81,84,1013,Clouds,overcast clouds,4.12,100,10000,1788493495
Berlin,21.67,21.88,76,1009,Clouds,overcast clouds,7.72,100,10000,1788510759
Berlin,24.33,24.54,66,1006,Clouds,overcast clouds,10.8,100,10000,1788527417
Berlin,17.99,18.19,90,1006,Rain,heavy intensity rain,8.23,100,10000,1788542944
Berlin,16.32,16.46,94,1009,Clouds,overcast clouds,5.14,100,10000,1788554158
Berlin,16.03,16.09,92,1011,Clouds,overcast clouds,6.69,100,10000,1788562444
Berlin,15.41,15.36,90,1012,Clouds,overcast clouds,5.14,100,10000,1788569187
Berlin,14.09,13.88,89,1013,Clouds,scattered clouds,5.14,45,10000,1788586060
Berlin,19.89,19.61,64,1015,Clouds,scattered clouds,9.77,45,10000,1788603355
Berlin,20.84,20.68,65,1016,Clouds,overcast clouds,11.32,96,10000,1788615922
Berlin,16.53,16.3,79,1017,Clouds,broken clouds,6.71,53,10000,1788626098
Berlin,15.54,15.16,77,1019,Clear,clear sky,4.63,5,10000,1788634521
Berlin,14.7,14.29,79,1020,Clear,clear sky,5.66,7,10000,1788641819
Berlin,13.85,13.43,82,1022,Clear,clear sky,5.66,8,10000,1788651619
Berlin,12.36,11.92,87,1023,Clouds,scattered clouds,4.12,31,10000,1788666734
Berlin,17.06,16.62,69,1025,Clouds,scattered clouds,5.81,30,10000,1788683602
Berlin,20.15,19.6,53,1025,Clouds,scattered clouds,6.17,27,10000,1788698344
Berlin,19.98,19.37,51,1024,Clouds,few clouds,3.13,23,10000,1788710737
Berlin,15.32,14.79,72,1026,Clouds,few clouds,1.03,17,10000,1788720900
Berlin,12.99,12.69,90,1025,Clouds,scattered clouds,1.03,43,10000,1788728643
Berlin,12.84,12.48,88,1024,Clouds,broken clouds,1.54,61,10000,1788737686
Berlin,11.34,10.75,85,1023,Clouds,overcast clouds,2.57,100,10000,1788753424
Berlin,17.43,16.98,67,1021,Rain,light rain,4.12,100,10000,1788772486
Berlin,20.65,20.6,70,1018,Rain,moderate rain,5.14,59,10000,1788795425
Berlin,16.59,16.42,81,1016,Clear,clear sky,3.09,5,10000,1788810067
Berlin,16.25,16.15,85,1014,Clouds,few clouds,1.54,22,10000,1788820858
Berlin,17.35,17.44,88,1013,Clouds,overcast clouds,1.54,100,10000,1788829212
Berlin,19.72,19.94,84,1012,Clouds,overcast clouds,2.57,100,10000,1788851040
Hamburg,17.21,17.26,87,1015,Clouds,overcast clouds,6.69,100,10000,1788248402
Hamburg,18.25,18.27,82,1016,Clouds,overcast clouds,6.69,100,10000,1788252050
Hamburg,18.37,18.33,79,1017,Clouds,overcast clouds,7.2,93,10000,1788271208
Hamburg,17.7,17.38,71,1017,Clouds,scattered clouds,5.66,39,10000,1788286573
Hamburg,14.76,14.41,81,1019,Clouds,few clouds,2.68,11,10000,1788298779
Hamburg,12.96,12.64,89,1019,Clouds,scattered clouds,2.57,41,10000,1788306842
Hamburg,12.03,11.69,92,1019,Clouds,overcast clouds,2.57,100,10000,1788321280
Hamburg,16.93,16.69,77,1019,Clouds,overcast clouds,4.12,100,10000,1788338113
Hamburg,21.31,20.98,57,1018,Clouds,broken clouds,4.63,70,10000,1788355400
Hamburg,18.2,18.11,78,1017,Clouds,overcast clouds,3.58,95,10000,1788370661
Hamburg,16.28,16.18,85,1018,Clouds,overcast clouds,2.57,100,10000,1788382291
Hamburg,15.44,15.36,89,1017,Clouds,overcast clouds,2.57,100,10000,1788390635
Hamburg,15.87,15.81,88,1015,Clouds,overcast clouds,3.09,100,10000,1788407246
Hamburg,17.6,17.64,85,1013,Clouds,overcast clouds,6.69,100,10000,1788425048
Hamburg,20.03,20.2,81,1011,Clouds,overcast clouds,8.23,100,10000,1788441543
Hamburg,20.14,20.19,76,1012,Clouds,overcast clouds,5.66,98,10000,1788456862
Hamburg,17.92,17.96,84,1013,Clouds,overcast clouds,4.63,100,10000,1788467913
Hamburg,17.86,17.82,81,1012,Rain,light rain,5.66,100,10000,1788476645
Hamburg,17.49,17.59,88,1009,Clouds,overcast clouds,4.12,100,10000,1788493732
Hamburg,18.42,18.88,98,1005,Rain,light rain,6.17,100,3925,1788511402
Hamburg,18.19,18.49,93,1005,Rain,light rain,8.23,100,10000,1788528083
Hamburg,17.84,17.87,84,1007,Clouds,overcast clouds,9.77,100,10000,1788543006
Hamburg,15.75,15.52,82,1009,Clouds,overcast clouds,4.63,100,10000,1788554158
Hamburg,15.57,15.35,83,1010,Clouds,overcast clouds,5.66,95,10000,1788562500
Hamburg,14.98,14.73,84,1010,Clear,clear sky,5.36,0,10000,1788569188
Hamburg,13.96,13.74,89,1011,Clouds,scattered clouds,4.12,25,10000,1788586109
Hamburg,17.39,17.22,78,1013,Clouds,scattered clouds,7.72,39,10000,1788603054
Hamburg,18.02,17.97,80,1016,Rain,heavy intensity rain,7.72,40,10000,1788615592
Hamburg,15.66,15.45,83,1018,Rain,moderate rain,8.23,31,10000,1788626235
Hamburg,14.18,13.93,87,1020,Clouds,scattered clouds,6.17,29,10000,1788634521
Hamburg,13.45,13.25,92,1021,Clouds,scattered clouds,5.14,30,10000,1788642187
Hamburg,12.84,12.56,91,1022,Clouds,scattered clouds,3.09,32,10000,1788651688
Hamburg,11.03,10.54,90,1024,Clouds,scattered clouds,3.09,48,10000,1788667071
Hamburg,14.92,14.58,81,1025,Clouds,scattered clouds,3.09,31,10000,1788683235
Hamburg,18.66,18.2,62,1025,Clouds,overcast clouds,4.12,87,10000,1788698741
Hamburg,19.98,19.39,52,1025,Clouds,scattered clouds,3.09,41,10000,1788710737
Hamburg,15.3,14.97,80,1024,Clouds,overcast clouds,1.54,100,10000,1788720793
Hamburg,15.02,14.61,78,1023,Clouds,overcast clouds,3.6,100,10000,1788728917
Hamburg,14.77,14.37,79,1022,Clouds,overcast clouds,3.6,92,10000,1788737998
Hamburg,14.55,14.05,76,1020,Clouds,overcast clouds,2.68,93,10000,1788753430
Hamburg,19.27,18.85,61,1018,Clouds,overcast clouds,3.09,99,10000,1788772486
Hamburg,26.24,26.24,45,1014,Clouds,scattered clouds,4.12,41,10000,1788795633
Hamburg,19.68,19.64,74,1013,Clouds,overcast clouds,1.34,100,10000,1788810307
Hamburg,17.54,17.62,87,1013,Clouds,overcast clouds,2.06,100,10000,1788820858
Hamburg,16.16,16.31,95,1012,Clouds,overcast clouds,2.06,100,10000,1788829134
Hamburg,18.94,19.11,85,1010,Clouds,overcast clouds,4.63,100,10000,1788850808
Munich,20.05,19.83,66,1022,Clear,clear sky,0.9,7,10000,1788248590
Munich,21.57,21.32,59,1022,Clouds,few clouds,0.9,17,10000,1788251898
Munich,23.87,23.64,51,1021,Clouds,overcast clouds,2.24,89,10000,1788271210
Munich,20.25,20.03,65,1021,Clouds,broken clouds,1.57,61,10000,1788286443
Munich,14.46,14.1,82,1023,Clouds,overcast clouds,1.41,94,10000,1788298582
Munich,12.75,12.3,85,1023,Clouds,overcast clouds,0.59,96,10000,1788306842
Munich,10.76,10.14,86,1022,Clouds,broken clouds,1.15,55,10000,1788321258
Munich,21.17,21.01,64,1022,Clouds,scattered clouds,0.9,44,10000,1788338177
Munich,25.83,25.67,46,1020,Clouds,overcast clouds,2.24,100,10000,1788355312
Munich,21.21,20.87,57,1020,Clouds,overcast clouds,1.62,100,10000,1788370556
Munich,17.39,17.09,73,1022,Clouds,overcast clouds,1.47,94,10000,1788382291
Munich,17.0,16.66,73,1022,Clouds,overcast clouds,1.85,98,10000,1788390505
Munich,14.42,14.03,81,1023,Clouds,overcast clouds,2.23,87,10000,1788407401
Munich,22.53,22.35,58,1023,Clouds,few clouds,2.68,14,10000,1788425102
Munich,24.96,24.82,50,1022,Clouds,overcast clouds,2.9,100,10000,1788441829
Munich,22.26,22.13,61,1021,Clouds,overcast clouds,0.48,100,10000,1788457391
Munich,19.38,19.23,71,1023,Clouds,overcast clouds,2.98,96,10000,1788468513
Munich,19.16,18.91,68,1023,Clouds,overcast clouds,3.4,95,10000,1788476353
Munich,18.17,17.84,69,1021,Clouds,broken clouds,2.74,83,10000,1788493729
Munich,24.49,24.4,54,1020,Clouds,scattered clouds,2.24,31,10000,1788510747
Munich,30.99,30.25,35,1016,Clear,clear sky,3.13,5,10000,1788527911
Munich,27.36,27.19,41,1015,Clouds,scattered clouds,3.21,38,10000,1788542743
Munich,22.36,22.17,58,1016,Clear,clear sky,3.78,8,10000,1788554158
Munich,22.41,22.56,71,1018,Clouds,few clouds,3.6,15,10000,1788562415
Munich,22.41,22.64,74,1018,Clouds,scattered clouds,2.8,37,10000,1788568720
Munich,15.9,15.71,83,1021,Clouds,broken clouds,3.11,84,10000,1788585543
Munich,16.62,16.5,83,1023,Clouds,overcast clouds,0.9,94,10000,1788603132
Munich,21.95,21.92,66,1022,Clouds,scattered clouds,2.9,36,10000,1788616051
Munich,21.66,21.76,72,1023,Clouds,few clouds,2.35,14,10000,1788626040
Munich,18.38,18.13,71,1025,Clouds,scattered clouds,1.57,36,10000,1788634521
Munich,16.01,15.83,83,1026,Clouds,scattered clouds,0.89,31,10000,1788642002
Munich,13.93,13.62,86,1027,Clouds,scattered clouds,1.57,35,10000,1788651532
Munich,11.02,10.48,88,1027,Clouds,few clouds,0.88,12,10000,1788667067
Munich,19.61,19.17,59,1028,Clear,clear sky,0.9,7,10000,1788683353
Munich,24.93,24.63,44,1025,Clouds,scattered clouds,2.0,27,10000,1788698237
Munich,23.79,23.27,40,1024,Clouds,scattered clouds,2.9,30,10000,1788710434
Munich,17.11,16.52,63,1025,Clouds,overcast clouds,2.36,98,10000,1788720924
Munich,13.2,12.61,78,1025,Clouds,overcast clouds,2.14,100,10000,1788729205
Munich,11.21,10.55,83,1025,Clouds,broken clouds,1.87,65,10000,1788737865
Munich,10.98,10.43,88,1023,Clouds,scattered clouds,1.07,26,10000,1788753073
Munich,24.64,24.8,63,1024,Clouds,scattered clouds,2.9,46,10000,1788772486
Munich,27.75,28.34,52,1020,Clouds,broken clouds,2.0,73,10000,1788795454
Munich,20.45,20.46,73,1021,Clouds,overcast clouds,2.34,100,10000,1788810203
Munich,17.88,17.79,79,1021,Clouds,broken clouds,0.45,62,10000,1788820645
Munich,16.23,15.95,78,1020,Clear,clear sky,0.45,2,10000,1788829203
Munich,21.17,21.07,66,1017,Clear,clear sky,0.9,5,10000,1788850808
